<?xml version="1.0"?>
<!DOCTYPE hibernate-mapping PUBLIC "-//Hibernate/Hibernate Mapping DTD 3.0//EN"
"http://hibernate.sourceforge.net/hibernate-mapping-3.0.dtd">
<!-- Generated 14 Aug, 2023 6:14:55 PM by Hibernate Tools 3.5.0.Final -->
<hibernate-mapping>
    <class name="com.model.Person" table="PERSON">
        <id name="id" type="int">
            <column name="ID" />
            <generator class="increment" />
        </id>
        <property name="name" type="java.lang.String">
            <column name="NAME" />
        </property>
        <property name="surname" type="java.lang.String">
            <column name="SURNAME" />
        </property>
    </class>
</hibernate-mapping>
